{
    "epoch": 1.0,
    "eval_loss": 0.954319417476654,
    "eval_runtime": 443.3918,
    "eval_samples": 26095,
    "eval_samples_per_second": 58.853,
    "eval_steps_per_second": 3.678,
    "perplexity": 2.5969025748427965
}